
Consider following tables and data to create given queries

CREATE TABLE Employee (
  EmployeeID  INTEGER PRIMARY KEY,
  Name        VARCHAR(255) NOT NULL,
  Position    VARCHAR(255) NOT NULL,
  Salary      REAL NOT NULL,
  Remarks     VARCHAR(255)
); 

CREATE TABLE Planet (
  PlanetID    INTEGER PRIMARY KEY,
  Name        VARCHAR(255) NOT NULL,
  Coordinates REAL NOT NULL
); 

CREATE TABLE Shipment (
  ShipmentID    INTEGER PRIMARY KEY,
  ShipmentDate  DATE,
  Manager       INTEGER NOT NULL,
  Planet        INTEGER NOT NULL,
  FOREIGN KEY (Manager) REFERENCES Employee(EmployeeID),
  FOREIGN KEY (Planet) REFERENCES Planet(PlanetID)
);

CREATE TABLE Has_Clearance (
  Employee  INTEGER NOT NULL,
  Planet    INTEGER NOT NULL,
  Level     INTEGER NOT NULL,
  PRIMARY KEY(Employee, Planet),
  FOREIGN KEY (Employee) REFERENCES Employee(EmployeeID),
  FOREIGN KEY (Planet) REFERENCES Planet(PlanetID)
); 

CREATE TABLE Client (
  AccountNumber INTEGER PRIMARY KEY,
  Name          VARCHAR(255) NOT NULL
);
  
CREATE TABLE Package (
  Shipment      INTEGER NOT NULL,
  PackageNumber INTEGER NOT NULL,
  Contents      VARCHAR(255) NOT NULL,
  Weight        REAL NOT NULL,
  Sender        INTEGER NOT NULL,
  Recipient     INTEGER NOT NULL,
  PRIMARY KEY(Shipment, PackageNumber),
  FOREIGN KEY (Shipment) REFERENCES Shipment(ShipmentID),
  FOREIGN KEY (Sender) REFERENCES Client(AccountNumber),
  FOREIGN KEY (Recipient) REFERENCES Client(AccountNumber)
);


INSERT INTO Client VALUES(1, 'Zapp Brannigan');
INSERT INTO Client VALUES(2, "Al Gore's Head");
INSERT INTO Client VALUES(3, 'Barbados Slim');
INSERT INTO Client VALUES(4, 'Ogden Wernstrom');
INSERT INTO Client VALUES(5, 'Leo Wong');
INSERT INTO Client VALUES(6, 'Lrrr');
INSERT INTO Client VALUES(7, 'John Zoidberg');
INSERT INTO Client VALUES(8, 'John Zoidfarb');
INSERT INTO Client VALUES(9, 'Morbo');
INSERT INTO Client VALUES(10, 'Judge John Whitey');
INSERT INTO Client VALUES(11, 'Calculon');

INSERT INTO Employee VALUES(1, 'Phillip J. Fry', 'Delivery boy', 7500.0, 'Not to be confused with the Philip J. Fry from Hovering Squid World 97a');
INSERT INTO Employee VALUES(2, 'Turanga Leela', 'Captain', 10000.0, NULL);
INSERT INTO Employee VALUES(3, 'Bender Bending Rodriguez', 'Robot', 7500.0, NULL);
INSERT INTO Employee VALUES(4, 'Hubert J. Farnsworth', 'CEO', 20000.0, NULL);
INSERT INTO Employee VALUES(5, 'John A. Zoidberg', 'Physician', 25.0, NULL);
INSERT INTO Employee VALUES(6, 'Amy Wong', 'Intern', 5000.0, NULL);
INSERT INTO Employee VALUES(7, 'Hermes Conrad', 'Bureaucrat', 10000.0, NULL);
INSERT INTO Employee VALUES(8, 'Scruffy Scruffington', 'Janitor', 5000.0, NULL);

INSERT INTO Planet VALUES(1, 'Omicron Persei 8', 89475345.3545);
INSERT INTO Planet VALUES(2, 'Decapod X', 65498463216.3466);
INSERT INTO Planet VALUES(3, 'Mars', 32435021.65468);
INSERT INTO Planet VALUES(4, 'Omega III', 98432121.5464);
INSERT INTO Planet VALUES(5, 'Tarantulon VI', 849842198.354654);
INSERT INTO Planet VALUES(6, 'Cannibalon', 654321987.21654);
INSERT INTO Planet VALUES(7, 'DogDoo VII', 65498721354.688);
INSERT INTO Planet VALUES(8, 'Nintenduu 64', 6543219894.1654);
INSERT INTO Planet VALUES(9, 'Amazonia', 65432135979.6547);

INSERT INTO Has_Clearance VALUES(1, 1, 2);
INSERT INTO Has_Clearance VALUES(1, 2, 3);
INSERT INTO Has_Clearance VALUES(2, 3, 2);
INSERT INTO Has_Clearance VALUES(2, 4, 4);
INSERT INTO Has_Clearance VALUES(3, 5, 2);
INSERT INTO Has_Clearance VALUES(3, 6, 4);
INSERT INTO Has_Clearance VALUES(4, 7, 1);

INSERT INTO Shipment VALUES(1, '3004/05/11', 1, 1);
INSERT INTO Shipment VALUES(2, '3004/05/11', 1, 2);
INSERT INTO Shipment VALUES(3, NULL, 2, 3);
INSERT INTO Shipment VALUES(4, NULL, 2, 4);
INSERT INTO Shipment VALUES(5, NULL, 7, 5);

INSERT INTO Package VALUES(1, 1, 'Undeclared', 1.5, 1, 2);
INSERT INTO Package VALUES(2, 1, 'Undeclared', 10.0, 2, 3);
INSERT INTO Package VALUES(2, 2, 'A bucket of krill', 2.0, 8, 7);
INSERT INTO Package VALUES(3, 1, 'Undeclared', 15.0, 3, 4);
INSERT INTO Package VALUES(3, 2, 'Undeclared', 3.0, 5, 1);
INSERT INTO Package VALUES(3, 3, 'Undeclared', 7.0, 2, 3);
INSERT INTO Package VALUES(4, 1, 'Undeclared', 5.0, 4, 5);
INSERT INTO Package VALUES(4, 2, 'Undeclared', 27.0, 1, 2);
INSERT INTO Package VALUES(5, 1, 'Undeclared', 100.0, 5, 1);

Create all select queries as VIEW Object and name it as v1...vn

Q1) Display employess who name is "Turanga Leela" along with its shipment dertails.
Ans) Select p.PackageNumber,s.Shipmentdate, p.Contents,p.Weight,
snd.Name as Sender,rep.Name as Recipient, emp.Name
from Package p left join Shipment s 
on s.ShipmentId =p.ShipmentId 
left join Client snd on snd.AccountNumber=p.Sender
left join Client rep on rep.AccountNumber=p.Recipient
right join Employee emp on emp.EmployeeId=s.Manager 
where emp.Name ='Turanga Leela';

Q2) List those packages which are intented for client whose ids are 1,5 or 6
Ans
Select p.PackageNumber, p.Contents,p.Weight,
rep.Name as Recipient
from Package p 
left join Client rep on rep.AccountNumber=p.Recipient
where p.Recipient in (1,5,6);

Q3) Display name of emnployee and plant which are cleared
Ans) Select emp.Name as EmployeeName, pln.Name as PlanetName,pln.Coordinate,cl.Level from has_clearance cl
left join Employee emp on cl.Employee=emp.EmployeeId
left join Planet pln on cl.Planet=pln.PlanetId;

Q4) Display details of shipment data (Month, Day YYYY), sender and receiver name whose package weight is between 5 and 10
Ans)Select p.PackageNumber,
Concat(MonthName(s.Shipmentdate),', ',Day(s.Shipmentdate), ' ',Year(s.Shipmentdate)) as ShipmentDate,
p.Contents,p.Weight,
snd.Name as Sender,rep.Name as Recipient
from Package p left join Shipment s 
on s.ShipmentId =p.ShipmentId 
left join Client snd on snd.AccountNumber=p.Sender
left join Client rep on rep.AccountNumber=p.Recipient
where p.weight between 5 and 10;

Q5) Give details of those shipments which are currently processed at plant name "Mars" or "Amazonia"
Ans)Select p.PackageNumber,s.Shipmentdate, p.Contents,p.Weight,
snd.Name as Sender,rep.Name as Recipient
from Package p left join Shipment s 
on s.ShipmentId =p.ShipmentId 
left join Client snd on snd.AccountNumber=p.Sender
left join Client rep on rep.AccountNumber=p.Recipient
left join Planet pl on pl.PlanetId=s.PlanetId
where pl.Name = 'Mars' or pl.Name='Amazonia';


Q6) List client names whose pakages are "Undeclared"
Ans)Select distinct rep.AccountNumber,rep.Name as Client
from Package p 
left join Client rep on rep.AccountNumber=p.Recipient
where p.Contents ='Undeclared';

Q7) Display those employees details containing salary format as $2,700.00
Ans)Select EmployeeId,Name,Position,Format(Salary,0) as Salary, Remarks from Employee;

Q8) Write query to Add remarks of those employee which are never remarked before.
Ans)Select * from Employee where Remarks is Null;

Q9) Display employee details in following format "Phillip J. Fry is Delivery boy and earns $7,500.00/month"
Ans)Select Concat (Name,' is ',Position,' and earns $',salary ,'/month') Details from Employee;

Q10) Update shipment date to current date for all data having NULL value
Ans)Update Shipment set ShipmentDate=Current_Date() where ShipmentDate is NULL;



---------------------------------------With View and Output--------------------------------------------

 Create View v1 as Select p.PackageNumber,s.Shipmentdate, p.Contents,p.Weight,
    -> snd.Name as Sender,rep.Name as Recipient, emp.Name
    ->
    -> from Package p left join Shipment s
    -> on s.ShipmentId =p.ShipmentId
    -> left join Client snd on snd.AccountNumber=p.Sender
    -> left join Client rep on rep.AccountNumber=p.Recipient
    -> right join Employee emp on emp.EmployeeId=s.Manager
    ->
    -> where emp.Name ='Turanga Leela';
Query OK, 0 rows affected (0.05 sec)

MariaDB [mytestdb]> Select * from v1;
+---------------+--------------+------------+--------+----------------+---------------+---------------+
| PackageNumber | Shipmentdate | Contents   | Weight | Sender         | Recipient     | Name          |
+---------------+--------------+------------+--------+----------------+---------------+---------------+
|             3 | NULL         | Undeclared |      7 | Al Gore's Head | Barbados Slim | Turanga Leela |
+---------------+--------------+------------+--------+----------------+---------------+---------------+
1 row in set (0.02 sec)



 create VIEW v2 as Select p.PackageNumber, p.Contents,p.Weight,
    -> rep.Name as Recipient
    ->
    -> from Package p
    -> left join Client rep on rep.AccountNumber=p.Recipient
    -> where p.Recipient in (1,5,6);
Query OK, 0 rows affected (0.03 sec)

MariaDB [mytestdb]> select * from V2;
+---------------+------------+--------+----------------+
| PackageNumber | Contents   | Weight | Recipient      |
+---------------+------------+--------+----------------+
|             4 | Undeclared |      5 | Leo Wong       |
|             5 | Undeclared |    100 | Zapp Brannigan |
|             3 | Undeclared |      3 | Zapp Brannigan |
+---------------+------------+--------+----------------+
3 rows in set (0.00 sec)


 Create View v3 as Select emp.Name, pln.Name,pln.Coordinate,cl.Level from has_clearance cl
    -> left join Employee emp on cl.Employee=emp.EmployeeId
    -> left join Planet pln on cl.Planet=pln.PlanetId;
ERROR 1060 (42S21): Duplicate column name 'Name'
MariaDB [mytestdb]> Create View v3 as Select emp.Name as EmployeeName, pln.Name as PlanetName,pln.Coordinate,cl.Level from has_clearance cl
    -> left join Employee emp on cl.Employee=emp.EmployeeId
    -> left join Planet pln on cl.Planet=pln.PlanetId
    -> ;
Query OK, 0 rows affected (0.05 sec)

MariaDB [mytestdb]> select * from v3;
+--------------------------+------------------+------------------+-------+
| EmployeeName             | PlanetName       | Coordinate       | Level |
+--------------------------+------------------+------------------+-------+
| Phillip J. Fry           | Omicron Persei 8 |    89475345.3545 |     2 |
| Phillip J. Fry           | Decapod X        | 65498463216.3466 |     3 |
| Turanga Leela            | Mars             |   32435021.65468 |     2 |
| Turanga Leela            | Omega III        |    98432121.5464 |     4 |
| Bender Bending Rodriguez | Tarantulon VI    | 849842198.354654 |     2 |
| Bender Bending Rodriguez | Cannibalon       |  654321987.21654 |     4 |
| Hubert J. Farnsworth     | DogDoo VII       |  65498721354.688 |     1 |
+--------------------------+------------------+------------------+-------+
7 rows in set (0.00 sec)


 Create View v4 as Select p.PackageNumber,
    -> Concat(MonthName(s.Shipmentdate),', ',Day(s.Shipmentdate), ' ',Year(s.Shipmentdate)) as ShipmentDate,
    -> p.Contents,p.Weight,
    -> snd.Name as Sender,rep.Name as Recipient
    -> from Package p left join Shipment s
    -> on s.ShipmentId =p.ShipmentId
    -> left join Client snd on snd.AccountNumber=p.Sender
    -> left join Client rep on rep.AccountNumber=p.Recipient
    -> where p.weight between 5 and 10;
Query OK, 0 rows affected (0.06 sec)

MariaDB [mytestdb]> Select * from v4;
+---------------+--------------+------------+--------+-----------------+---------------+
| PackageNumber | ShipmentDate | Contents   | Weight | Sender          | Recipient     |
+---------------+--------------+------------+--------+-----------------+---------------+
|             2 | May, 11 3004 | Undeclared |     10 | Al Gore's Head  | Barbados Slim |
|             4 | May, 11 3004 | Undeclared |      5 | Ogden Wernstrom | Leo Wong      |
|             3 | NULL         | Undeclared |      7 | Al Gore's Head  | Barbados Slim |
+---------------+--------------+------------+--------+-----------------+---------------+
3 rows in set (0.00 sec)



create view v5 as Select p.PackageNumber,s.Shipmentdate, p.Contents,p.Weight,
    -> snd.Name as Sender,rep.Name as Recipient
    -> from Package p left join Shipment s
    -> on s.ShipmentId =p.ShipmentId
    -> left join Client snd on snd.AccountNumber=p.Sender
    -> left join Client rep on rep.AccountNumber=p.Recipient
    -> left join Planet pl on pl.PlanetId=s.PlanetId
    -> where pl.Name = 'Mars' or pl.Name='Amazonia';
Query OK, 0 rows affected (0.07 sec)

MariaDB [mytestdb]> Select * from v5;
+---------------+--------------+------------+--------+----------------+---------------+
| PackageNumber | Shipmentdate | Contents   | Weight | Sender         | Recipient     |
+---------------+--------------+------------+--------+----------------+---------------+
|             3 | 2017-09-18   | Undeclared |      7 | Al Gore's Head | Barbados Slim |
+---------------+--------------+------------+--------+----------------+---------------+
1 row in set (0.00 sec)


Create VIEW v6 as Select distinct rep.AccountNumber,rep.Name as Client
    -> from Package p 
    -> left join Client rep on rep.AccountNumber=p.Recipient
    -> where p.Contents ='Undeclared';
Query OK, 0 rows affected (0.05 sec)

MariaDB [mytestdb]> Select * from v6;
+---------------+-----------------+
| AccountNumber | Client          |
+---------------+-----------------+
|             2 | Al Gore's Head  |
|             3 | Barbados Slim   |
|             4 | Ogden Wernstrom |
|             5 | Leo Wong        |
|             1 | Zapp Brannigan  |
+---------------+-----------------+
5 rows in set (0.00 sec)

Create View v7 as Select EmployeeId,Name,Position,Format(Salary,0) as Salary, Remarks from Employee;
Query OK, 0 rows affected (0.05 sec)

MariaDB [mytestdb]> Select * from v7;
+------------+--------------------------+--------------+--------+----------------------------------------------------+
| EmployeeId | Name                     | Position     | Salary | Remarks                                            |
+------------+--------------------------+--------------+--------+----------------------------------------------------+
|          1 | Phillip J. Fry           | Delivery boy | 7,500  | Not to be confused with the Philip J. Fry from Hov |
|          2 | Turanga Leela            | Captain      | 10,000 | NULL                                               |
|          3 | Bender Bending Rodriguez | Robot        | 7,500  | NULL                                               |
|          4 | Hubert J. Farnsworth     | CEO          | 20,000 | NULL                                               |
|          5 | John A. Zoidberg         | Physician    | 25     | NULL                                               |
|          6 | Amy Wong                 | Intern       | 5,000  | NULL                                               |
|          7 | Hermes Conrad            | Bureaucrat   | 10,000 | NULL                                               |
|          8 | Scruffy Scruffington     | Janitor      | 5,000  | NULL                                               |
+------------+--------------------------+--------------+--------+----------------------------------------------------+
8 rows in set (0.00 sec)

Create View V8 as Select * from Employee where Remarks is Null;
Query OK, 0 rows affected (0.05 sec)

MariaDB [mytestdb]> Select * from v8;
+------------+--------------------------+------------+---------+---------+
| EmployeeId | Name                     | Position   | Salary  | Remarks |
+------------+--------------------------+------------+---------+---------+
|          2 | Turanga Leela            | Captain    | 10000.0 | NULL    |
|          3 | Bender Bending Rodriguez | Robot      | 7500.0  | NULL    |
|          4 | Hubert J. Farnsworth     | CEO        | 20000.0 | NULL    |
|          5 | John A. Zoidberg         | Physician  | 25.0    | NULL    |
|          6 | Amy Wong                 | Intern     | 5000.0  | NULL    |
|          7 | Hermes Conrad            | Bureaucrat | 10000.0 | NULL    |
|          8 | Scruffy Scruffington     | Janitor    | 5000.0  | NULL    |
+------------+--------------------------+------------+---------+---------+
7 rows in set (0.00 sec)

 Create View v9 as  Select Concat (Name,' is ',Position,' and earns $',salary ,'/month') Details from Employee;
Query OK, 0 rows affected (0.02 sec)

MariaDB [mytestdb]> Select * from v9;
+-----------------------------------------------------------+
| Details                                                   |
+-----------------------------------------------------------+
| Phillip J. Fry is Delivery boy and earns $7500.0/month    |
| Turanga Leela is Captain and earns $10000.0/month         |
| Bender Bending Rodriguez is Robot and earns $7500.0/month |
| Hubert J. Farnsworth is CEO and earns $20000.0/month      |
| John A. Zoidberg is Physician and earns $25.0/month       |
| Amy Wong is Intern and earns $5000.0/month                |
| Hermes Conrad is Bureaucrat and earns $10000.0/month      |
| Scruffy Scruffington is Janitor and earns $5000.0/month   |
+-----------------------------------------------------------+
8 rows in set (0.00 sec)

Update Shipment set ShipmentDate=Current_Date() where ShipmentDate is NULL;
Query OK, 3 rows affected (0.07 sec)
Rows matched: 3  Changed: 3  Warnings: 0
